contact_id,first_name,last_name,email
4661,Cecilia,Velasco,cecilia.velasco@rodrigues
3765,Mariana,Ellis,mariana.ellis@rossi
4187,Sofie,Woods,sofie.woods@riviere
4941,Jeanette,Iannotti,jeanette.iannotti@yahoo
2199,Samuel,Sorgatz,samuel.sorgatz@gmail
5650,Socorro,Luna,socorro.luna@hotmail
5889,Carolina,Murray,carolina.murray@knight
4842,Kayla,Moon,kayla.moon@yahoo
3280,Ariadna,Geisel,ariadna.geisel@rangel
5468,Danielle,Ladeck,danielle.ladeck@scalfaro
3064,Tatiana,Thompson,tatiana.thompson@hunt
4904,Caleb,Benavides,caleb.benavides@rubio
1299,Sandra,Hardy,sandra.hardy@web
5602,Lotti,Morris,lotti.morris@yahoo
5753,Reinhilde,White,reinhilde.white@voila
4495,Kerry,Patel,kerry.patel@hutchinson
4269,Sophie,Antoine,sophie.antoine@andersen
2226,Martha,Girard,martha.girard@web
1558,Stephanie,King,stephanie.king@cervantes
2307,Amanda,Palmer,amanda.palmer@didier
2900,Lina,Alcala,lina.alcala@vespa
5695,Itzel,Murphy,itzel.murphy@muelichen
5708,Filippo,Parry,filippo.parry@live
1663,Katelyn,Cole,katelyn.cole@fiebig
3605,Brian,Novak,brian.novak@ford
4678,Cilly,Gay,cilly.gay@callegaro
2251,Yolanda,Snyder,yolanda.snyder@gmx
6202,Evelin,Odonnell,evelin.odonnell@ibarra
3715,Ingeborg,Alba,ingeborg.alba@hotmail
4242,Marina,Madrid,marina.madrid@galarza
4326,Sheila,Goodwin,sheila.goodwin@yahoo
5560,Valeria,Rich,valeria.rich@turchetta
4002,Dustin,Camacho,dustin.camacho@rhodes
3813,Amalia,Marenzio,amalia.marenzio@grupo
5336,Gian,Long,gian.long@hotmail
4994,Stewart,Hunt,stewart.hunt@anderson
1471,Greca,Ruiz,greca.ruiz@carr
4482,Gerald,Olivera,gerald.olivera@outlook
3241,Jaqueline,Wallace,jaqueline.wallace@gmail
3477,John,Lane,john.lane@gregoire
2265,Pero,Joly,pero.joly@bernard
5911,Chad,Turner,chad.turner@gmail
2288,Adam,Zavala,adam.zavala@guichard
4064,Tyler,Rivera,tyler.rivera@guajardo
1294,Jens,Graham,jens.graham@jones
5008,Virginia,Caetani,virginia.caetani@sosa
3604,Martino,Wagner,martino.wagner@laposte
3263,Martin,Meyer,martin.meyer@davis
5631,Marguerite,Walls,marguerite.walls@martinez
2851,Peter,Vogt,peter.vogt@yahoo
3714,Nicholas,Christian,nicholas.christian@hotmail
1664,Susi,Steinberg,susi.steinberg@preiss
5027,Tammy,Ramazzotti,tammy.ramazzotti@gmail
3070,Abdul,Thomas,abdul.thomas@vasari
4248,Justin,Luxardo,justin.luxardo@googlemail
2034,Antonio,Gibson,antonio.gibson@faust
4085,Jeremy,Gomez,jeremy.gomez@oconnor
3569,Raymond,Solorzano,raymond.solorzano@gmail
3889,Flora,Harris,flora.harris@hotmail
3136,Cheryl,Boyd,cheryl.boyd@segni
2103,Rhys,Leiva,rhys.leiva@gmx
2329,Mariano,Prieto,mariano.prieto@vodafone
3325,Laurie,Fibonacci,laurie.fibonacci@gmail
3131,David,Rudolph,david.rudolph@nelson
4995,Bryan,Ross,bryan.ross@yahoo
3631,Ubaldo,Brown,ubaldo.brown@philippe
5373,Clelia,Faulkner,clelia.faulkner@hotmail
3126,Sara,Erickson,sara.erickson@yahoo
2194,Rupert,Valle,rupert.valle@filogamo
2906,Puccio,Kitzmann,puccio.kitzmann@yahoo
2611,Thomas,Hutchinson,thomas.hutchinson@gmx
2374,Abelardo,Castro,abelardo.castro@gmail
3254,Greco,Walker,greco.walker@yahoo
3571,Miranda,Lacombe,miranda.lacombe@longoria
2812,Diana,Schuchhardt,diana.schuchhardt@libero
3961,Stacey,Knox,stacey.knox@corporacin
3872,Glen,Faivre,glen.faivre@yahoo
4736,Andrew,Torres,andrew.torres@ruiz
5119,Denny,Fritz,denny.fritz@despacho
5725,Martyn,Caldera,martyn.caldera@hotmail
4037,Abigail,Foster,abigail.foster@taylor
2109,Anthony,Hauffer,anthony.hauffer@tlustek
3283,Roger,Gerlach,roger.gerlach@may
6181,Christopher,Poirier,christopher.poirier@hotmail
3251,Branka,Traore,branka.traore@jacobi
3443,Briana,Etienne,briana.etienne@bishop
2988,Brandon,Olson,brandon.olson@prince
1673,Celia,Ungaretti,celia.ungaretti@fox
2085,Barbara,Guibert,barbara.guibert@casares
1672,Daniela,Bell,daniela.bell@vollbrecht
4426,Phyllis,Gurule,phyllis.gurule@rodriguez
3211,Alejandra,Joseph,alejandra.joseph@escalante
3190,Giulio,Bohlander,giulio.bohlander@dbmail
2081,Amber,Weller,amber.weller@toso
3185,Mary,Etzold,mary.etzold@conrad
5044,Amy,Georges,amy.georges@raedel
1883,Jennifer,Giraud,jennifer.giraud@yahoo
2067,Rosie,Peltier,rosie.peltier@voila
4604,Oreste,Ward,oreste.ward@proyectos
3203,Luis,Edwards,luis.edwards@live
5758,Fiona,Griffiths,fiona.griffiths@curatoli
5755,Sally,Raya,sally.raya@tarchetti
5150,Carolyn,Charpentier,carolyn.charpentier@hotmail
4181,Nathalie,Alvarez,nathalie.alvarez@live
3006,Abril,Lowery,abril.lowery@novak
4865,Ottone,Sullivan,ottone.sullivan@hussain
2862,Esmeralda,Sollima,esmeralda.sollima@visintini
6070,Silvia,Gierschner,silvia.gierschner@tele2
5300,Kyle,Cunningham,kyle.cunningham@voila
3486,Anel,Carpentier,anel.carpentier@klein
5989,Sarah,Davis,sarah.davis@david
2849,Luke,Klein,luke.klein@hotmail
1612,Gudrun,Mueller,gudrun.mueller@dillon
3307,Melissa,Canali,melissa.canali@libero
5288,Gabrielle,Ayala,gabrielle.ayala@hotmail
6026,Laura,Buckley,laura.buckley@ryan
2212,Wilfrido,Lorch,wilfrido.lorch@leclerc
4591,Robert,Bruder,robert.bruder@manzoni
2771,Phillip,Soliz,phillip.soliz@outlook
5682,Alex,Smith,alex.smith@fournier
5368,Jessica,Martinez,jessica.martinez@salieri
3706,Kelly,Carter,kelly.carter@hotmail
4034,Ahmad,Sosa,ahmad.sosa@gmail
3209,Toralf,Iglesias,toralf.iglesias@borrego
2384,Irene,Anichini,irene.anichini@yahoo
3074,Alicia,Cainero,alicia.cainero@yahoo
2031,Tracey,Laboy,tracey.laboy@bell
5873,Donald,Reynaud,donald.reynaud@green
5501,Venancio,Stadelmann,venancio.stadelmann@gmx
3489,Seth,Olivier,seth.olivier@yahoo
4210,Dennis,Boaga,dennis.boaga@gmx
6151,Pedro,Wilson,pedro.wilson@outlook
6047,Roland,Weihmann,roland.weihmann@gmail
5445,Hector,Morrison,hector.morrison@web
5493,Evangelos,Peters,evangelos.peters@sanchez
6036,Gerardo,Hamilton,gerardo.hamilton@libero
2368,Meta,Cuzzocrea,meta.cuzzocrea@howard
1501,Alma,Raymond,alma.raymond@tin
4351,Kathleen,Solimena,kathleen.solimena@wallace
3096,Zacharie,Cordier,zacharie.cordier@gmail
6162,Riza,Techer,riza.techer@yahoo
1433,Enrique,Guillen,enrique.guillen@hotmail
2720,Tristan,Weeks,tristan.weeks@pena
5251,Natalie,Lerma,natalie.lerma@boucher
1797,Rodney,Hamon,rodney.hamon@hotmail
1656,Adalberto,Lombardo,adalberto.lombardo@sfr
1346,Florencia,Querini,florencia.querini@gmail
2989,Liam,Rolland,liam.rolland@yahoo
5629,Ian,Kelly,ian.kelly@reeves
3456,Mehdi,Todd,mehdi.todd@web
3229,Rembrandt,Liguori,rembrandt.liguori@davis
2277,Irmi,Schweitzer,irmi.schweitzer@ozuna
1276,Gioffre,Stein,gioffre.stein@hotmail
3694,Frida,Villarreal,frida.villarreal@hotmail
2260,Steffen,Mangold,steffen.mangold@paul
5374,Elias,Marin,elias.marin@herve
4420,Roman,Gonzalez,roman.gonzalez@anderson
3849,Reina,Middleton,reina.middleton@hotmail
1638,Sandro,Moran,sandro.moran@hotmail
5230,Gebhard,Thanel,gebhard.thanel@gmail
1763,Antonino,Bolander,antonino.bolander@gmail
4323,Karl,Trevisani,karl.trevisani@anguissola
5256,Silvester,Brookes,silvester.brookes@franco
4836,Octavio,Pratt,octavio.pratt@web
5981,Rebecca,Greer,rebecca.greer@hotmail
1463,Pierina,Gaggini,pierina.gaggini@free
4577,Robin,Schleich,robin.schleich@rogers
4951,Sergio,Abbott,sergio.abbott@moore
3567,Gilberto,Evans,gilberto.evans@salcedo
5475,James,Elliott,james.elliott@gmail
2114,Timoteo,Bolnbach,timoteo.bolnbach@laboratorios
5216,Tonino,Stanley,tonino.stanley@hotmail
1665,Margaretha,Murialdo,margaretha.murialdo@meunier
6051,Bianca,Drubin,bianca.drubin@libero
3983,Kaylee,Hoffmann,kaylee.hoffmann@poulain
2966,Teresa,Vecellio,teresa.vecellio@yahoo
4478,Emine,Tacchini,emine.tacchini@dbmail
4238,Dawn,Cortez,dawn.cortez@gmail
4404,Emily,Cundari,emily.cundari@clark
5666,Eleanor,Hall,eleanor.hall@hotmail
3691,Monique,Delgadillo,monique.delgadillo@hotmail
2703,Arnaude,Warner,arnaude.warner@gmail
4253,Jason,Howell,jason.howell@gmx
5652,Nicole,Mccullough,nicole.mccullough@hall
3279,Rosmarie,Esquibel,rosmarie.esquibel@bouygtel
3233,Leonor,Ferreira,leonor.ferreira@gmail
3017,Brett,Jones,brett.jones@alice
3482,Nino,Bien,nino.bien@gmail
2166,Jemma,Tate,jemma.tate@hotmail
4146,Denis,Rogers,denis.rogers@poste
2651,Vanesa,Khan,vanesa.khan@voila
1409,Victoria,Ojeda,victoria.ojeda@doehn
3717,Eugenio,Martin,eugenio.martin@yahoo
3963,Nancy,Hayes,nancy.hayes@hotmail
2152,Lara,Jacob,lara.jacob@buckley
2974,Gino,Hernandez,gino.hernandez@covarrubias
1268,Vicente,Tijerina,vicente.tijerina@montanariello
1822,Michele,Brambilla,michele.brambilla@yahoo
5066,Dana,Ritacca,dana.ritacca@gmail
5075,Mitchell,Bachmann,mitchell.bachmann@suarez
3855,Vincenza,Key,vincenza.key@adams
5923,Salvador,Gaillard,salvador.gaillard@yahoo
1867,Diane,Rogner,diane.rogner@kelly
4376,Josette,Laine,josette.laine@saracino
2785,Courtney,Fiebig,courtney.fiebig@doerschner
5884,Hugues,Oliver,hugues.oliver@stiffel
2441,Espartaco,Willis,espartaco.willis@hotmail
1243,Flavia,Yoder,flavia.yoder@hotmail
3411,Casey,Flores,casey.flores@baggio
2467,Calogero,Cross,calogero.cross@mercantini
1850,Charles,Begum,charles.begum@laboratorios
2604,Adina,Pollard,adina.pollard@outlook
1693,Natasha,Lara,natasha.lara@outlook
2969,Benita,Pottier,benita.pottier@sfr
1544,Elizabeth,Valdivia,elizabeth.valdivia@gmail
4149,Mattia,Huet,mattia.huet@aol
3463,Geza,Howard,geza.howard@voila
2939,Lauren,Guillaume,lauren.guillaume@sorgatz
2202,Joanna,Baxter,joanna.baxter@bruce
1728,Tracy,Metz,tracy.metz@bryant
5362,Birgit,Pena,birgit.pena@armellini
4840,Elvira,Papafava,elvira.papafava@ifrance
2955,Ernest,Delorme,ernest.delorme@dowerg
5354,Christy,Grossi,christy.grossi@alarcon
3847,Hermelinda,Olmos,hermelinda.olmos@portillo
3025,Herbert,Fraser,herbert.fraser@holloway
1615,Giancarlo,Heydrich,giancarlo.heydrich@hotmail
5154,Constance,Maldonado,constance.maldonado@spiess
5005,Giampiero,Carlier,giampiero.carlier@hotmail
1349,Carlo,Jacquot,carlo.jacquot@hotmail
3670,Gabriel,Robles,gabriel.robles@yahoo
2912,Gerd,Gunpf,gerd.gunpf@gmail
4336,Ashley,Hellwig,ashley.hellwig@libero
5576,Patrick,Rosas,patrick.rosas@yahoo
2736,Lilla,Leonard,lilla.leonard@jungfer
3321,Tony,Nicolas,tony.nicolas@morrocco
3353,Allegra,Benedetti,allegra.benedetti@miller
2336,Camille,Tafuri,camille.tafuri@aol
4369,Juan,Wheeler,juan.wheeler@gilmore
4464,Leopoldo,Johnson,leopoldo.johnson@hotmail
5626,Dietmar,Grenier,dietmar.grenier@tele2
1669,Leonid,Scholl,leonid.scholl@collin
5544,Olivie,Contarini,olivie.contarini@marshall
6078,Jeffery,Lacroix,jeffery.lacroix@medina
2580,Edeltraud,Chavez,edeltraud.chavez@hotmail
3592,Mesut,Morvan,mesut.morvan@gmail
4914,Gregory,Jackson,gregory.jackson@ortiz
3848,Nicola,Rossi,nicola.rossi@berry
2619,Eddie,Collazo,eddie.collazo@gmail
4605,Philippe,Gardner,philippe.gardner@howells
6147,Roy,Fox,roy.fox@tejeda
1383,Heiderose,Garcia,heiderose.garcia@noos
1757,Claudine,Rowley,claudine.rowley@industrias
4390,Astrid,Roht,astrid.roht@fastwebnet
4165,Auguste,Burnett,auguste.burnett@yahoo
4529,Pellegrino,Allen,pellegrino.allen@gmail
6084,Angela,Bowers,angela.bowers@laboratorios
2916,Michael,Descamps,michael.descamps@gmail
2005,Heidelore,Kennedy,heidelore.kennedy@guinizzelli
2261,Lucrezia,Koch,lucrezia.koch@petit
5342,Ivan,Accardo,ivan.accardo@web
4087,Karen,Avogadro,karen.avogadro@yahoo
2761,Laetitia,Gallet,laetitia.gallet@aubry
2908,Amico,Gosselin,amico.gosselin@shaw
2155,Ilaria,Bowen,ilaria.bowen@hotmail
5642,Marlen,Coardi,marlen.coardi@colletti
6217,Rafael,Alexander,rafael.alexander@jenkins
4222,Herma,Gabbana,herma.gabbana@hotmail
4798,Zachary,Vespucci,zachary.vespucci@industrias
5660,Marisol,Richard,marisol.richard@gmail
5000,Joseph,Glover,joseph.glover@laposte
2809,Lauretta,Neal,lauretta.neal@hotmail
3349,Simone,Sauvage,simone.sauvage@yahoo
3647,Ramona,Brooks,ramona.brooks@kensy
5745,Gioele,Schwital,gioele.schwital@moody
2583,Elena,Jimenez,elena.jimenez@yahoo
5441,Pam,Vargas,pam.vargas@guillot
2090,Alison,Morales,alison.morales@lewis
3386,Marc,Aumann,marc.aumann@holland
1816,Carla,Butler,carla.butler@yahoo
4718,Dionigi,Bruce,dionigi.bruce@industrias
1677,Frank,Henry,frank.henry@yahoo
4218,Brent,Pons,brent.pons@proyectos
4548,Patricia,Liebelt,patricia.liebelt@baca
1431,Micheletto,Sykes,micheletto.sykes@thompson
2830,Rose,Blanc,rose.blanc@grupo
4400,Vincent,Singh,vincent.singh@gmail
5773,Jamie,Peacock,jamie.peacock@interiano
4161,Giorgia,Dijoux,giorgia.dijoux@paul
2062,Serena,Piacentini,serena.piacentini@yahoo
3458,Dimitri,Posada,dimitri.posada@gmail
3174,Alexa,Barillaro,alexa.barillaro@ramos
5565,Megan,Kuhl,megan.kuhl@despacho
1906,Kaitlyn,Farinelli,kaitlyn.farinelli@outlook
5479,Jonathan,Castellitto,jonathan.castellitto@libero
4320,Lisa,Terragni,lisa.terragni@proyectos
4213,Olivier,Petrucelli,olivier.petrucelli@letta
3373,Jos,Trobbiani,jos.trobbiani@samson
4184,Mirjam,Dawson,mirjam.dawson@yahoo
5472,Javier,Tessier,javier.tessier@mclaughlin
5559,Mirjana,Collins,mirjana.collins@hotmail
5419,Vanessa,Tschentscher,vanessa.tschentscher@mitchell
4171,Antonina,Cobb,antonina.cobb@gibson
1302,Bernard,Durand,bernard.durand@royer
3520,Corey,Greggio,corey.greggio@johnson
6010,Rodolfo,Couturier,rodolfo.couturier@tim
4617,Pierre,Cardenas,pierre.cardenas@luzi
1417,Romeo,Surian,romeo.surian@batista
4770,Ivo,Moreno,ivo.moreno@hotmail
4328,Federico,Marie,federico.marie@jourdan
5171,Maggie,Boito,maggie.boito@yahoo
4394,Brianna,Hanson,brianna.hanson@stanley
1794,Heiko,Bourgeois,heiko.bourgeois@togliatti
3510,Benito,Gritti,benito.gritti@gmail
2487,Mitzy,Junk,mitzy.junk@zaragoza
2215,Samantha,Lowe,samantha.lowe@praga
4136,Ernesto,Nerger,ernesto.nerger@middleton
3723,Melinda,Canova,melinda.canova@orange
5842,Mohammad,Hartung,mohammad.hartung@hotmail
3289,Ben,Maillot,ben.maillot@ramos
1249,Isabel,Pruschke,isabel.pruschke@gmail
5409,Linda,Franceschi,linda.franceschi@richards
2951,Olivia,Striebitz,olivia.striebitz@gmail
3432,Penny,Watson,penny.watson@matthews
2297,Manfred,James,manfred.james@davies
6161,Hazel,Pierce,hazel.pierce@outlook
4603,Alf,Bates,alf.bates@dunn
5818,Scott,Gough,scott.gough@industrias
4270,Konrad,Briones,konrad.briones@fierro
6007,Mathilde,Kruschwitz,mathilde.kruschwitz@yahoo
4084,Irma,Gemito,irma.gemito@googlemail
1340,Antoine,Guyon,antoine.guyon@yahoo
5675,William,Gibilisco,william.gibilisco@gaillard
2010,Judith,Butte,judith.butte@fischer
6201,Joanne,Henderson,joanne.henderson@gmail
1791,Ludovica,Arellano,ludovica.arellano@morandi
3314,Catherine,Gray,catherine.gray@hotmail
5852,Franco,Fioravanti,franco.fioravanti@barry
4618,Heather,Zimmer,heather.zimmer@bluemel
2618,Hortense,Taylor,hortense.taylor@chambers
4967,Livia,Ernst,livia.ernst@colas
4594,Toby,Etzler,toby.etzler@industrias
2080,Ennio,Leoncavallo,ennio.leoncavallo@sanchez
2793,Philippine,Vaca,philippine.vaca@hotmail
4890,Rhonda,Phillips,rhonda.phillips@yahoo
3528,Alphonse,Nitto,alphonse.nitto@voila
5810,Karina,Arreola,karina.arreola@yahoo
5720,Denise,Wood,denise.wood@mantegna
4593,Burghard,Rosenow,burghard.rosenow@hotmail
3186,Friedl,Powell,friedl.powell@laposte
5136,Benjamin,Schultz,benjamin.schultz@rivero
2646,Rachel,Ulibarri,rachel.ulibarri@schueler
3460,Silvano,Blanchet,silvano.blanchet@yahoo
4345,Kurt,Sauer,kurt.sauer@almanza
2690,Nayeli,Gehringer,nayeli.gehringer@hotmail
4025,Imelda,Guerin,imelda.guerin@stumpf
4524,Zbigniew,Holmes,zbigniew.holmes@stiffel
3978,Adela,Alfonsi,adela.alfonsi@despacho
3910,Hilary,Clark,hilary.clark@libero
5825,Kornelius,Molina,kornelius.molina@heuser
3564,Christian,Anderson,christian.anderson@tim
2396,Francisco,Dorsey,francisco.dorsey@tiscali
2140,Walli,Albert,walli.albert@dussen
3079,Siegrun,Mota,siegrun.mota@matthews
2017,Alberico,Herve,alberico.herve@beer
5444,Serafina,Bonnin,serafina.bonnin@mendes
2216,Marcelle,Bender,marcelle.bender@edwards
1241,Hartmuth,Robertson,hartmuth.robertson@thomas
1484,Herlinde,George,herlinde.george@free
3475,Pamela,Payne,pamela.payne@yahoo
4333,Gastone,Beyer,gastone.beyer@stewart
5657,Lydia,Berengario,lydia.berengario@aol
2527,Lucy,Davidson,lucy.davidson@tele2
5967,Franck,Wade,franck.wade@gute
5698,Heidi,Barker,heidi.barker@gmail
3331,Arnaldo,Ocasio,arnaldo.ocasio@hotmail
3841,Francis,Bernier,francis.bernier@rodriguez
6105,Johanne,Strong,johanne.strong@yahoo
3895,Debra,Langlois,debra.langlois@schmiedecke
1891,Reingard,Kambs,reingard.kambs@sagese
1281,Mauro,Ortiz,mauro.ortiz@oquendo
4186,Griselda,Carranza,griselda.carranza@krause
2511,Janet,Madrigal,janet.madrigal@gmail
4272,Jenna,Day,jenna.day@reed
3533,Modesto,Wright,modesto.wright@pareto
3618,Alice,Wall,alice.wall@zaccardo
2177,Brenda,Sontag,brenda.sontag@solari
4102,Sergius,Mace,sergius.mace@palazzo
6089,Antonia,Kline,antonia.kline@gmail
4701,Maurice,Gumprich,maurice.gumprich@griffin
5645,Daniel,Anders,daniel.anders@yahoo
4499,Zaira,Cattaneo,zaira.cattaneo@yahoo
3365,Alessio,Bruneau,alessio.bruneau@hotmail
2290,Gerdi,Guerrero,gerdi.guerrero@tele2
1890,Brigitte,Stiebitz,brigitte.stiebitz@gmail
1304,June,Sinisi,june.sinisi@manzoni
3799,Carl,Macias,carl.macias@yahoo
2749,Veronica,Trapp,veronica.trapp@tiscali
2028,Frances,Garnier,frances.garnier@aporti
2383,Terri,Iannelli,terri.iannelli@hotmail
5721,Odette,Moore,odette.moore@hall
1394,Mercedes,Trujillo,mercedes.trujillo@aol
3451,Babette,Dumas,babette.dumas@brady
5512,Jerry,Santiago,jerry.santiago@soprano
2453,Ronald,Simpson,ronald.simpson@ovadia
6055,Emmanuel,Dominguez,emmanuel.dominguez@gmail
5704,Christiane,Ricciardi,christiane.ricciardi@zavala
3707,Ingolf,Zamora,ingolf.zamora@yahoo
2205,Rita,Sharp,rita.sharp@beard
5976,Geraldine,Cabrera,geraldine.cabrera@green
3290,Chantal,Armas,chantal.armas@jenkins
4257,Louis,Gilbert,louis.gilbert@gmail
4588,Michelle,Collier,michelle.collier@peruzzi
4785,Guillermina,Nicholson,guillermina.nicholson@grondin
3033,Bertrand,Hopkins,bertrand.hopkins@gmail
2779,Alonso,Palomo,alonso.palomo@gehringer
2131,Tina,Rodriguez,tina.rodriguez@web
6229,Eva,Francis,eva.francis@parker
3429,Ottavio,Rust,ottavio.rust@crespi
1613,Amelia,Olvera,amelia.olvera@hotmail
4734,Paul,Palladio,paul.palladio@mclaughlin
4439,Bernardo,Wieloch,bernardo.wieloch@budig
1441,Umberto,Hicks,umberto.hicks@hill
5799,Janko,Bishop,janko.bishop@tim
1419,Jessika,Meunier,jessika.meunier@gmx
3059,Isaac,Benard,isaac.benard@googlemail
3224,Alexandrie,Lambert,alexandrie.lambert@yahoo
3181,Roberto,Guyot,roberto.guyot@bennett
6061,Giulietta,Lucas,giulietta.lucas@club
4466,Damaris,Pininfarina,damaris.pininfarina@gmail
6081,Fabrizia,Renard,fabrizia.renard@higgins
2159,Camillo,Dehmel,camillo.dehmel@brown
3324,Ruggero,Parpinel,ruggero.parpinel@gmail
3176,Stephen,Pratesi,stephen.pratesi@hotmail
5874,Ludger,Naccari,ludger.naccari@ingram
5110,Meryem,Tapia,meryem.tapia@yahoo
5490,Jasmine,Juvara,jasmine.juvara@yahoo
1922,Victoire,Travaglia,victoire.travaglia@zacchia
4398,Adrian,Noel,adrian.noel@perrin
4754,Marvin,Howe,marvin.howe@gmail
3309,Hanne,Kidd,hanne.kidd@yahoo
1244,Donatello,Millet,donatello.millet@fritsch
2892,Eloisa,Pascarella,eloisa.pascarella@gmail
2777,Erica,Zambrano,erica.zambrano@gmail
4952,Paula,Canales,paula.canales@gilmore
5144,Claudia,Bernard,claudia.bernard@mazzanti
5487,Paulina,Miller,paulina.miller@lewis
1932,Kathrin,Godfrey,kathrin.godfrey@tele2
3364,Pina,Passalacqua,pina.passalacqua@yahoo
5165,Julien,Miles,julien.miles@stevens
3858,Suzanne,Benigni,suzanne.benigni@mennea
4666,Annalisa,Pugh,annalisa.pugh@hotmail
2896,Mathew,Maestas,mathew.maestas@casas
4520,Laszlo,Vallee,laszlo.vallee@verdier
5726,Helen,Polanco,helen.polanco@hotmail
5661,Mateo,Sorrentino,mateo.sorrentino@calderon
4765,Eric,Barnes,eric.barnes@barrett
3710,Dragica,West,dragica.west@yahoo
4925,Antje,Voisin,antje.voisin@gmail
1533,Stanley,Mills,stanley.mills@parker
5264,Brandy,Meraz,brandy.meraz@yahoo
4606,Conor,Reinhardt,conor.reinhardt@yahoo
2043,Gabino,Blot,gabino.blot@lewis
3871,Alvaro,Lemus,alvaro.lemus@yahoo
6205,Patrizia,Wilms,patrizia.wilms@dbmail
3193,Metin,Coulon,metin.coulon@ashley
1810,Reece,Valencia,reece.valencia@laboy
4797,Troy,Schmiedecke,troy.schmiedecke@picard
1487,Wendy,Bustos,wendy.bustos@libero
3474,Guglielmo,Caldwell,guglielmo.caldwell@loeffler
5771,Travis,Cowan,travis.cowan@turner
6074,Brandi,Abbagnale,brandi.abbagnale@tele2
1568,Hanno,Gollum,hanno.gollum@smith
4263,Jutta,Burke,jutta.burke@elliott
5850,Dorothe,Paz,dorothe.paz@fiebig
5619,Desiree,Huerta,desiree.huerta@morris
1904,Ilse,Bray,ilse.bray@venturi
5388,Pierpaolo,Scaduto,pierpaolo.scaduto@sanders
2150,Amedeo,Bradford,amedeo.bradford@yahoo
2653,Julia,Ali,julia.ali@yahoo
2687,Catalina,Pizzetti,catalina.pizzetti@tim
3779,Dylan,Porzio,dylan.porzio@yahoo
1494,Iris,Trincavelli,iris.trincavelli@tiscali
4129,Johnathan,Guidotti,johnathan.guidotti@cox
3035,Walburga,Vollbrecht,walburga.vollbrecht@aol
2069,Kendra,David,kendra.david@allan
5469,Aleksandr,Weiss,aleksandr.weiss@blanc
3903,Cornelio,Guardado,cornelio.guardado@gmail
4083,Ferdi,Blackburn,ferdi.blackburn@christensen
4003,Bill,Gallagher,bill.gallagher@green
3565,Leonard,Harvey,leonard.harvey@hotmail
1640,Milan,Montenegro,milan.montenegro@langern
4769,Philip,Perez,philip.perez@hotmail
3398,Kathryn,Hentschel,kathryn.hentschel@shaw
1865,Xavier,Samson,xavier.samson@baggio
5690,Hartwig,Roberts,hartwig.roberts@saraceno
3814,Kimberly,Chan,kimberly.chan@gmail
2942,Lorraine,Crawford,lorraine.crawford@gmail
5095,Maximiliano,Knowles,maximiliano.knowles@gmail
2878,Gabriella,Avila,gabriella.avila@gmail
3697,Rico,Mortati,rico.mortati@faivre
4744,Gail,Petrocelli,gail.petrocelli@yahoo
2104,Liberto,Niemeier,liberto.niemeier@germano
4883,Luciana,Petitjean,luciana.petitjean@patterson
4807,Ron,Cavazos,ron.cavazos@yahoo
1372,Aldo,Cibin,aldo.cibin@gmx
3666,Alexandre,Serrano,alexandre.serrano@yahoo
2066,Lori,Fagotto,lori.fagotto@hill
1834,Perla,Figueroa,perla.figueroa@live
5853,Reginald,Hughes,reginald.hughes@gmail
2219,Uriel,Holt,uriel.holt@gmail
4148,Stefano,Lemonnier,stefano.lemonnier@binner
4477,Madeleine,Cooper,madeleine.cooper@poste
1786,Alban,Barbier,alban.barbier@ortiz
3455,Alfonso,Finetti,alfonso.finetti@quiroz
5707,Ryan,Kim,ryan.kim@noos
5470,Augustin,Wohlgemut,augustin.wohlgemut@watson
3274,Rolando,Bibi,rolando.bibi@tin
4613,Berthold,Randall,berthold.randall@mcdonald
4465,Genaro,Briand,genaro.briand@sfr
1652,Rudolf,Jenkins,rudolf.jenkins@hotmail
2100,Pauline,Ackermann,pauline.ackermann@arredondo
4321,Folker,Swanson,folker.swanson@rodrigues
4168,Ashleigh,Montez,ashleigh.montez@perry
3733,Liliana,Barber,liliana.barber@libero
2594,Caridad,Carr,caridad.carr@huhn
3909,Lolita,Borrego,lolita.borrego@gmail
5179,Gunar,Patrick,gunar.patrick@leroy
2228,Leokadia,Verdier,leokadia.verdier@hotmail
6222,Hanna,Reid,hanna.reid@salas
2354,Edelgard,Kreusel,edelgard.kreusel@hotmail
1725,Svenja,Perrin,svenja.perrin@berger
2960,Pierluigi,Taccola,pierluigi.taccola@gmx
2077,Cilli,Watts,cilli.watts@yahoo
5662,Emiliano,Wells,emiliano.wells@gmx
3481,April,Davids,april.davids@fisher
2565,Dolores,Didier,dolores.didier@yahoo
4436,Sylvia,Bonomo,sylvia.bonomo@poulain
5072,Nelly,Marsh,nelly.marsh@hotmail
5200,Beth,Miniati,beth.miniati@hudson
4502,Renee,Merino,renee.merino@gmail
4945,Hailey,Russell,hailey.russell@jourdan
3012,Raphaela,Gotthard,raphaela.gotthard@outlook
6094,Pomponio,Comencini,pomponio.comencini@hotmail
3815,Leone,Richardson,leone.richardson@yahoo
4838,Valentine,Acosta,valentine.acosta@peters
3469,Ricciotti,Laureano,ricciotti.laureano@parsons
4874,Jacques,Heidrich,jacques.heidrich@zamudio
1792,Anne,Snow,anne.snow@gmail
4356,Sonia,Volta,sonia.volta@gmx
6196,Dale,Leblanc,dale.leblanc@stewart
3578,Alejandro,Cruz,alejandro.cruz@hotmail
4491,Elsa,Cugia,elsa.cugia@yahoo
3054,Geronimo,Pechel,geronimo.pechel@hotmail
1968,Melania,Klemm,melania.klemm@seidel
5869,Katherine,Cooley,katherine.cooley@yahoo
5858,Guillermo,Larsen,guillermo.larsen@yahoo
5203,Jill,Barrios,jill.barrios@gmail
2577,Austin,Musatti,austin.musatti@tin
3216,Jacinto,Rose,jacinto.rose@yahoo
2037,Lucie,Redi,lucie.redi@googlemail
3867,Tania,Chapman,tania.chapman@remy
5109,Alexandria,Best,alexandria.best@yahoo
1376,Edward,Scott,edward.scott@yahoo
5260,Jake,Wiley,jake.wiley@outlook
2350,Claudio,Reuter,claudio.reuter@morgan
2269,Laure,Traetta,laure.traetta@kay
3650,Magarete,Valentin,magarete.valentin@yahoo
3934,Paige,Hill,paige.hill@jones
4048,Fulvio,Curiel,fulvio.curiel@reynolds
4266,Thibaut,Camarillo,thibaut.camarillo@hotmail
3863,Romana,Blanchard,romana.blanchard@googlemail
4922,Thibault,Savorgnan,thibault.savorgnan@butler
4517,Alexander,Pausini,alexander.pausini@gonzalez
3259,Pierangelo,Scholtz,pierangelo.scholtz@lefevre
3123,Emmanuelle,Keller,emmanuelle.keller@morton
3870,Isabella,Deleon,isabella.deleon@web
2996,Timothy,Weitzel,timothy.weitzel@gmail
2993,Alfredo,Ingram,alfredo.ingram@hotmail
4556,Francesca,Kade,francesca.kade@luna
2326,Tonia,Coleman,tonia.coleman@hotmail
4109,Gottfried,Barbe,gottfried.barbe@hotmail
5739,Jeffrey,Trommler,jeffrey.trommler@yahoo
5887,Giacobbe,Owens,giacobbe.owens@huet
1651,Conchita,Pagliaro,conchita.pagliaro@googlemail
1628,Kevin,Delahaye,kevin.delahaye@ellis
2642,Rouven,Ovadia,rouven.ovadia@gmail
6020,Piermaria,Laporte,piermaria.laporte@wesack
4747,Karolin,Johann,karolin.johann@hotmail
5534,Steven,Folliero,steven.folliero@noos
4790,Livio,Rosselli,livio.rosselli@green
4632,Gaetano,Leonardi,gaetano.leonardi@despacho
1952,Cynthia,Robinson,cynthia.robinson@gilles
4388,Eleni,Aponte,eleni.aponte@club
5529,Noelia,Romo,noelia.romo@yahoo
1316,Evelyn,Haynes,evelyn.haynes@clark
1670,Katharine,Zaccagnini,katharine.zaccagnini@hotmail
4909,Lea,Merle,lea.merle@stey
3401,Marta,Huynh,marta.huynh@hernandez
4619,Amador,Riley,amador.riley@hotmail
4722,Julie,Coles,julie.coles@hotmail
2188,Beverley,Telesio,beverley.telesio@regnier
5497,Corinne,Mitschke,corinne.mitschke@hauffer
5711,Valerie,Ortega,valerie.ortega@tele2
4076,Carlos,Delle,carlos.delle@hicks
1847,Christina,Besnard,christina.besnard@delorme
2816,Rosario,Jacques,rosario.jacques@yahoo
5019,Celal,Fischer,celal.fischer@aol
4869,Leonardo,Guzman,leonardo.guzman@andreozzi
3613,Clinton,Mason,clinton.mason@yahoo
3069,Loretta,Mallet,loretta.mallet@sansoni
2601,Lorenzo,Roero,lorenzo.roero@hotmail
2133,Lando,Gutierrez,lando.gutierrez@heser
3164,Elaine,Patterson,elaine.patterson@rose
3897,Marcella,Govoni,marcella.govoni@barkholz
5663,Ettore,Amaldi,ettore.amaldi@germain
3879,Rufino,Gallegos,rufino.gallegos@webster
5900,Georges,Richards,georges.richards@macdonald
2272,Janice,Infantino,janice.infantino@hotmail
5436,Svetlana,Montanariello,svetlana.montanariello@putz
3676,Agnolo,Cedillo,agnolo.cedillo@laboratorios
4676,Hannah,Jockel,hannah.jockel@ceravolo
1563,Yvonne,Stout,yvonne.stout@sims
4349,Anouk,Pace,anouk.pace@gmail
1658,Esteban,Valdez,esteban.valdez@hotmail
2552,Angelina,Davies,angelina.davies@hotmail
4847,Anastasie,Cadena,anastasie.cadena@live
1553,Hansjoachim,Lettiere,hansjoachim.lettiere@hall
2632,Yeni,Tejada,yeni.tejada@olson
1908,Dulce,Adinolfi,dulce.adinolfi@hotmail
5801,Sean,Mielcarek,sean.mielcarek@gmail
1935,Omar,Fonseca,omar.fonseca@grupo
2609,Henry,Gucci,henry.gucci@leleu
2740,Samira,Bottaro,samira.bottaro@vasseur
1907,Korinna,Arnold,korinna.arnold@zapata
1831,Marcela,Ferrante,marcela.ferrante@gmx
5177,Douglas,Amaya,douglas.amaya@favata
6179,Katherina,Barrientos,katherina.barrientos@trobbiani
2917,Brittany,Tran,brittany.tran@tele2
1486,Caroline,Reeves,caroline.reeves@yahoo
3735,Joe,Michaud,joe.michaud@yahoo
3838,Marco,Vittadello,marco.vittadello@gmail
2430,Kim,Webb,kim.webb@yahoo
2480,Eugenia,Zichichi,eugenia.zichichi@yahoo
3431,Aurore,Rosemann,aurore.rosemann@leoncavallo
1742,Giustino,Luzi,giustino.luzi@rolland
4628,Anita,Galindo,anita.galindo@gmail
2385,Gunhild,Carrillo,gunhild.carrillo@elliott
2213,Rosa,Paul,rosa.paul@bien
5188,Marliese,Oneal,marliese.oneal@gmail
3418,Bethany,Hartmann,bethany.hartmann@yahoo
5637,Irina,Martineau,irina.martineau@gmail
3530,Beatriz,Moulin,beatriz.moulin@pinto
3731,Lucas,Austin,lucas.austin@gmail
3219,Carole,Nohlmans,carole.nohlmans@yahoo
2392,Bozena,Schmitt,bozena.schmitt@vallet
5103,Aimee,Foconi,aimee.foconi@outlook
3992,Marzena,Carrero,marzena.carrero@roskoth
2442,Raisa,Poulain,raisa.poulain@fastwebnet
2913,Marcantonio,Bennett,marcantonio.bennett@hopkins
1631,Kenneth,Hurst,kenneth.hurst@meunier
4073,Marisela,Mende,marisela.mende@godoy
4568,Blanka,Villareal,blanka.villareal@monduzzi
1830,Tomislav,Stoppani,tomislav.stoppani@corporacin
2623,Krystal,Ammaniti,krystal.ammaniti@barbier
4327,Deanna,Aporti,deanna.aporti@bouygtel
3713,Donatella,Burns,donatella.burns@yahoo
2389,Margrit,Hooper,margrit.hooper@douglas
5141,Baccio,Marcacci,baccio.marcacci@laposte
3522,Alfio,Roman,alfio.roman@hotmail
1334,Soledad,Soto,soledad.soto@hotmail
4721,Josh,Cimarosa,josh.cimarosa@hotmail
3768,Nath,Rico,nath.rico@yahoo
1639,Gary,Armani,gary.armani@web
5149,Miriam,Oquendo,miriam.oquendo@smith
2153,Monica,Mohaupt,monica.mohaupt@live
2767,Alec,Ho,alec.ho@parra
5124,Harry,Fouquet,harry.fouquet@ibarra
2097,Arcelia,Babati,arcelia.babati@orange
4796,Trinidad,Vespa,trinidad.vespa@gmail
5849,Colette,Ryan,colette.ryan@hotmail
1495,Richard,Andre,richard.andre@porras
2462,Ellinor,Leclercq,ellinor.leclercq@gmail
2280,Patricio,Guillon,patricio.guillon@web
1877,Kirsten,Chindamo,kirsten.chindamo@carrillo
6108,Leo,Petruzzi,leo.petruzzi@yahoo
4427,Margot,Tomaselli,margot.tomaselli@junck
2881,Ansaldo,Marks,ansaldo.marks@patel
2339,Regina,Morin,regina.morin@barcaccia
5156,Karla,Medici,karla.medici@yahoo
4750,Morgan,Irizarry,morgan.irizarry@williams
4852,Natividad,Wong,natividad.wong@hoevel
5734,Anna,Freeman,anna.freeman@snyder
3801,Emilia,Vivaldi,emilia.vivaldi@garnier
4474,Gerda,Cook,gerda.cook@tin
1992,Andrey,Faure,andrey.faure@frederick
5796,Charlotte,Duke,charlotte.duke@ochoa
1373,Cindy,Castillo,cindy.castillo@virgilio
1879,Hiltrud,Thibault,hiltrud.thibault@barbe
3072,Kasimir,Jaime,kasimir.jaime@gmail
4561,Sabine,Lachmann,sabine.lachmann@phillips
5201,Andrea,Arroyo,andrea.arroyo@yahoo
5871,Matthew,Velasquez,matthew.velasquez@gmail
3041,Severino,Linares,severino.linares@angeli
5864,Swantje,Lomeli,swantje.lomeli@gmx
3999,Marcus,Espino,marcus.espino@comolli
4849,Allen,Gates,allen.gates@gmail
5461,Mauricio,Saunders,mauricio.saunders@hotmail
5946,Gilbert,Cornejo,gilbert.cornejo@hotmail
4508,Letizia,Gulotta,letizia.gulotta@howard
5096,Etta,Gutknecht,etta.gutknecht@leconte
5443,Shelley,Perry,shelley.perry@gierschner
2165,Geoffrey,Williams,geoffrey.williams@poste
2125,Cory,Stewart,cory.stewart@voila
6141,Kristy,Bartlett,kristy.bartlett@outlook
5245,Gianluca,Beck,gianluca.beck@green
2190,Guido,Krein,guido.krein@gmail
2243,Leif,Monnier,leif.monnier@querini
3336,Jonas,Badoer,jonas.badoer@kennedy
3305,Devin,Ebert,devin.ebert@yahoo
6191,Slobodan,Camiscione,slobodan.camiscione@hotmail
1326,Volkmar,Gauthier,volkmar.gauthier@hotmail
6159,Jordan,Rowe,jordan.rowe@outlook
2003,Manon,Daugherty,manon.daugherty@segre
5881,Estela,Segovia,estela.segovia@vodafone
1918,Giada,Celentano,giada.celentano@evans
2157,Clayton,Salcedo,clayton.salcedo@hotmail
3149,Raven,Pinto,raven.pinto@hotmail
2444,Lewis,Lewis,lewis.lewis@pisano
6207,Rochus,Rousseau,rochus.rousseau@nguyen
5580,Belinda,Gamez,belinda.gamez@leleu
5942,Angelo,Lozano,angelo.lozano@macias
1592,Jorge,Monti,jorge.monti@clement
2344,Ricky,Harrell,ricky.harrell@martin
5995,Adriano,Wulf,adriano.wulf@schmidtke
5022,Pompeo,Bourdon,pompeo.bourdon@gmail
5991,Kristie,Garrett,kristie.garrett@wernecke
4020,Lodovico,Conley,lodovico.conley@yahoo
6028,Jean,Berthelot,jean.berthelot@oscuro
2790,Tadeusz,Medina,tadeusz.medina@jackson
4033,Ruby,Carriera,ruby.carriera@hotmail
1261,Theres,Antonioni,theres.antonioni@hotmail
1979,Gloria,Morton,gloria.morton@outlook
2122,Graziano,Jensen,graziano.jensen@gmail
4506,Gianpaolo,Massey,gianpaolo.massey@bouvier
3016,Alain,Farmer,alain.farmer@hotmail
3272,Renato,Murillo,renato.murillo@club
1375,Edda,Ferraris,edda.ferraris@libero
4014,Luce,Marty,luce.marty@waehner
3199,Rotraud,Mitchell,rotraud.mitchell@laboratorios
2184,Israel,Watkins,israel.watkins@hotmail
2170,Nathan,Jennings,nathan.jennings@kim
1478,Gavin,Proietti,gavin.proietti@gmx
6163,Emma,Rios,emma.rios@yahoo
1889,Todd,Douglas,todd.douglas@web
5912,Oscar,Holsten,oscar.holsten@yahoo
2537,Ann,Peron,ann.peron@grupo
2118,Senta,Grassi,senta.grassi@hotmail
3234,Kata,Mena,kata.mena@gmail
3842,Gianfranco,Hethur,gianfranco.hethur@stewart
3032,Florentine,Saraceno,florentine.saraceno@gmail
3238,Giuliano,Bolzmann,giuliano.bolzmann@pacillo
2059,Alwine,Kostolzin,alwine.kostolzin@holloway
5238,Giacinto,Briggs,giacinto.briggs@yahoo
2578,Holly,Negrete,holly.negrete@hotmail
4789,Mark,Trapanese,mark.trapanese@gmail
2357,Alyssa,Brun,alyssa.brun@chittolini
1235,Cristina,Chevalier,cristina.chevalier@proyectos
3558,Shannon,Lefevre,shannon.lefevre@gmail
1707,Logan,Hornich,logan.hornich@tin
2842,Rosalia,Toro,rosalia.toro@free
5318,Reiner,Poerio,reiner.poerio@yahoo
1620,Valentina,Pages,valentina.pages@hotmail
4998,Enrico,Fabre,enrico.fabre@gmail
3111,Sevim,Begue,sevim.begue@yahoo
1424,Sonja,Patberg,sonja.patberg@hotmail
3244,Christine,Hiller,christine.hiller@yahoo
4643,Maik,Beasley,maik.beasley@harper
6132,Elliot,Santana,elliot.santana@gmx
3790,Eloy,Renzi,eloy.renzi@gmail
1312,Wolf,Lutz,wolf.lutz@nichols
5686,Giuseppe,Lee,giuseppe.lee@mahe
2111,Angelica,Cuellar,angelica.cuellar@zaguri
5685,Bekir,Normand,bekir.normand@yahoo
1905,Carmine,Gonzales,carmine.gonzales@schleich
3271,Marianne,Hubert,marianne.hubert@hotmail
4178,Gonzalo,Montes,gonzalo.montes@hotmail
3275,Shelly,Guichard,shelly.guichard@gmail
5713,Tobias,Carbajal,tobias.carbajal@live
3339,Santiago,Berry,santiago.berry@aol
5585,Emilio,Davenport,emilio.davenport@zamora
4407,Maurizio,Gute,maurizio.gute@knight
1941,Nadia,Travaglio,nadia.travaglio@colletti
4690,Elisa,Barkholz,elisa.barkholz@sfr
3607,Cristal,Mazzini,cristal.mazzini@gmail
2670,Trevor,Granados,trevor.granados@gmail
5261,Matthieu,Mcdonald,matthieu.mcdonald@morrison
4121,Juliette,Preston,juliette.preston@gmail
4620,Stanislaw,Montalvo,stanislaw.montalvo@mcpherson
4630,Lilia,Lollobrigida,lilia.lollobrigida@le
3440,Brigitta,Shaw,brigitta.shaw@hotmail
3572,Rebeca,Frey,rebeca.frey@gerard
5306,Nicolas,Palacios,nicolas.palacios@meraz
5122,Susanna,Bonneau,susanna.bonneau@klingelhoefer
1368,Romina,Valentine,romina.valentine@hotmail
5370,Erika,Toussaint,erika.toussaint@sfr
5636,Lothar,Laurent,lothar.laurent@garcia
6033,Chelsea,Verdugo,chelsea.verdugo@campbell
3599,Ria,Venier,ria.venier@murillo
5566,Carly,Summers,carly.summers@yahoo
1873,Pasquale,Tomasini,pasquale.tomasini@hotmail
3904,Stefani,Ughi,stefani.ughi@hotmail
4453,Jose,Huang,jose.huang@gmx
5481,Petros,Gaona,petros.gaona@googlemail
2987,Maximilian,Siering,maximilian.siering@gaito
2431,Ermenegildo,Holzapfel,ermenegildo.holzapfel@aol
4158,Damien,Leger,damien.leger@dixon
3753,Zeferino,Barrera,zeferino.barrera@zedillo
4391,Alfred,Pohl,alfred.pohl@fechner
2026,Marissa,Gaito,marissa.gaito@reed
4547,Ariana,Houston,ariana.houston@hotmail
2798,Victor,Jacobs,victor.jacobs@young
4732,Henriette,Lang,henriette.lang@mimun
5126,Wilfriede,Baca,wilfriede.baca@caraballo
5151,Lucia,Riviere,lucia.riviere@samaniego
2134,Gordon,Vigorelli,gordon.vigorelli@solano
5786,Diethard,Salgado,diethard.salgado@gmail
5515,Sue,Corrales,sue.corrales@cardenas
4530,Arthur,Salazar,arthur.salazar@yahoo
4088,Fortunata,Schneider,fortunata.schneider@tiscali
3667,Gretchen,Serna,gretchen.serna@pichon
3286,Egon,Caron,egon.caron@hotmail
4804,Roberta,Finzi,roberta.finzi@knight
5768,Editha,Savage,editha.savage@davies
6098,Allan,Emanuelli,allan.emanuelli@fernandes
2508,Laurence,Lucero,laurence.lucero@martin
5779,Istvan,Draghi,istvan.draghi@ifrance
1717,Luigi,Bonnet,luigi.bonnet@carriera
3368,Yuridia,Fantozzi,yuridia.fantozzi@mcdonald
4265,Eraldo,Schmiedt,eraldo.schmiedt@hotmail
4455,Antoinette,Cox,antoinette.cox@bustamante
2940,Cameron,Ocampo,cameron.ocampo@hotmail
6144,Lynn,Lawson,lynn.lawson@leclercq
3657,Natalia,Seifert,natalia.seifert@ifrance
1537,Nuray,Anguillara,nuray.anguillara@yahoo
2116,Beate,Morgan,beate.morgan@gmail
5102,Mario,Rees,mario.rees@gmx
5815,Galasso,Junken,galasso.junken@yahoo
4250,Luca,Moses,luca.moses@franke
4533,Aurelio,Gertz,aurelio.gertz@hewitt
3329,Uberto,Steele,uberto.steele@outlook
3606,Annie,Hunter,annie.hunter@allen
4749,Jo,Mccarty,jo.mccarty@hotmail
2222,Eitel,Lombard,eitel.lombard@thomas
1939,Susan,Vigliotti,susan.vigliotti@yahoo
2456,Jacqueline,Germano,jacqueline.germano@valette
2794,Fidel,Ruppert,fidel.ruppert@yahoo
2648,Margaret,Eigenwillig,margaret.eigenwillig@yahoo
2545,Yvette,Harding,yvette.harding@yahoo
3273,Federigo,Karge,federigo.karge@bohlander
6155,Guenther,Armenta,guenther.armenta@free
6064,Coriolano,Higgins,coriolano.higgins@murphy
1729,Felix,Rubio,felix.rubio@ebert
4969,Melanie,Leveque,melanie.leveque@fleury
3402,Abbie,Galeati,abbie.galeati@ubaldi
2810,Vittorio,Caccioppoli,vittorio.caccioppoli@yahoo
2217,Biagio,Valenzuela,biagio.valenzuela@robinson
5140,Dario,Green,dario.green@live
4497,Alwina,Textor,alwina.textor@poste
5100,Diether,Baeza,diether.baeza@grupo
3390,Sole,Trevino,sole.trevino@hotmail
1926,Darren,Bernardi,darren.bernardi@brooks
3264,Martina,Heser,martina.heser@morellato
2573,Bethan,Giacometti,bethan.giacometti@gmail
3628,Ethan,Duhamel,ethan.duhamel@sfr
3826,Corrado,Warren,corrado.warren@hotmail
5983,Damian,Pulido,damian.pulido@yahoo
5678,Dino,Osborne,dino.osborne@despacho
2093,Nicolaus,Bernetti,nicolaus.bernetti@aol
5333,Gianna,Carroll,gianna.carroll@perez
5139,Grit,Knight,grit.knight@web
3173,Erin,Weinhold,erin.weinhold@hotmail
3333,Craig,Jordan,craig.jordan@gmail
2262,Homero,Respighi,homero.respighi@gmail
1531,Fanny,Pertile,fanny.pertile@gmail
4881,Fridolin,Comboni,fridolin.comboni@graf
3928,Hugh,Cantu,hugh.cantu@libero
1803,Alphons,Simmons,alphons.simmons@hotmail
2321,Ludovico,Cafarchia,ludovico.cafarchia@gmail
6234,Nico,Kaiser,nico.kaiser@almonte
1422,Kirsty,Lamy,kirsty.lamy@alonzi
2660,Joshua,Scheibe,joshua.scheibe@turci
5361,Carin,Pineau,carin.pineau@yahoo
3420,Ellie,Galarza,ellie.galarza@pareto
4337,Marion,Lira,marion.lira@ifrance
2338,Aurelia,Angiolello,aurelia.angiolello@lord
4140,Maura,Ravaglioli,maura.ravaglioli@yahoo
2373,Brunhilde,Fletcher,brunhilde.fletcher@schomber
1344,Ottfried,Marques,ottfried.marques@tyler
2141,Christelle,Blasi,christelle.blasi@morris
3415,Augusto,Vercelloni,augusto.vercelloni@club
5696,Michela,Pruvost,michela.pruvost@holt
1798,Guarino,Escalante,guarino.escalante@hotmail
1657,Gabriela,Padilla,gabriela.padilla@pearson
3651,Agathe,Dias,agathe.dias@jackson
3574,Werner,Kallert,werner.kallert@gmail
6063,Lore,Delaunay,lore.delaunay@yahoo
2404,Enzio,Campos,enzio.campos@tim
2705,Walther,Duarte,walther.duarte@web
5059,Adelgunde,Trevisan,adelgunde.trevisan@gmail
5466,Thierry,Schwartz,thierry.schwartz@travaglio
5821,Katie,Andersen,katie.andersen@haney
5385,Kathy,Zamorani,kathy.zamorani@hotmail
3506,Giuseppina,Tanguy,giuseppina.tanguy@wanadoo
5427,Jack,Klapp,jack.klapp@hotmail
6142,Tom,Leconte,tom.leconte@woods
2873,Bonnie,Cignaroli,bonnie.cignaroli@yahoo
3916,Danny,Farrell,danny.farrell@hotmail
1687,Fiorenzo,Bauer,fiorenzo.bauer@gmail
1542,Randy,Alfieri,randy.alfieri@verri
3087,Tim,Bradley,tim.bradley@schlosser
3857,Yves,Mendez,yves.mendez@gmail
5921,Raffaella,Esquivel,raffaella.esquivel@gmail
3144,Lawrence,Vasari,lawrence.vasari@castillo
2676,Sam,Adams,sam.adams@yahoo
3646,Mirco,Nicolini,mirco.nicolini@blin
1321,Graham,Bajardi,graham.bajardi@yahoo
1399,Luc,Quinn,luc.quinn@walker
3169,Stella,Ullrich,stella.ullrich@hotmail
2058,Calcedonio,Remy,calcedonio.remy@edwards
1300,Nanni,Almaraz,nanni.almaraz@martin
2075,Pascual,Corradi,pascual.corradi@lopez
2984,Kristi,Grant,kristi.grant@yahoo
4768,Manuel,Gracia,manuel.gracia@trussardi
3682,Gionata,Hussain,gionata.hussain@yahoo
5901,Maria,Nguyen,maria.nguyen@hernadez
3540,Leon,Baker,leon.baker@hotmail
2225,Gianmarco,Alcaraz,gianmarco.alcaraz@zacchia
1485,Derrick,Little,derrick.little@small
5343,Terry,Ramirez,terry.ramirez@hotmail
5594,Katarina,Clarke,katarina.clarke@hotmail
2482,Leila,Washington,leila.washington@gmail
2706,Mirko,Townsend,mirko.townsend@schmitt
4861,Randall,Connolly,randall.connolly@jovinelli
2961,Pia,Burgess,pia.burgess@proyectos
3043,Justine,Mancini,justine.mancini@tiscali
6103,Reynaldo,Wagenknecht,reynaldo.wagenknecht@faure
4708,Toni,Magrassi,toni.magrassi@gmail
4395,Patrizio,Cisneros,patrizio.cisneros@martinez
4912,Durante,Lindner,durante.lindner@picard
2030,Rosl,Lamborghini,rosl.lamborghini@hiller
5235,Ugo,Harrison,ugo.harrison@morley
5001,Isidor,Carpenter,isidor.carpenter@chauvin
4093,Marie,Zoppetto,marie.zoppetto@kallert
2576,Branko,Chambers,branko.chambers@ifrance
6122,Alan,Pineda,alan.pineda@proyectos
2813,Carmen,Oestrovsky,carmen.oestrovsky@gmail
3737,Shane,Fernandez,shane.fernandez@hotmail
2803,Debbie,Guilbert,debbie.guilbert@berg
5508,Vito,Dossi,vito.dossi@hotmail
3850,Evan,Schacht,evan.schacht@price
4220,Mandy,Weston,mandy.weston@free
4532,Paulo,Zito,paulo.zito@nelson
6013,Alberto,Girschner,alberto.girschner@laboratorios
3396,Giacomo,Bouvet,giacomo.bouvet@gmail
4401,Ehrentraud,Puga,ehrentraud.puga@laboratorios
2981,Cristian,Hale,cristian.hale@hotmail
4467,Lilija,Charles,lilija.charles@gmail
1377,Albert,Legendre,albert.legendre@lee
5036,Marisa,Renaud,marisa.renaud@smith
5761,Sharon,Diallo,sharon.diallo@gmail
3699,Eduardo,Delattre,eduardo.delattre@lynch
4519,Bernadette,Wang,bernadette.wang@gmail
5395,Dina,Gibbons,dina.gibbons@brewer
3057,Clara,Armstrong,clara.armstrong@vodafone
2741,Elliott,Herrmann,elliott.herrmann@hotmail
1675,Graziella,Vidal,graziella.vidal@hotmail
2712,Francisca,Becerra,francisca.becerra@young
4527,Edeltrud,Boyer,edeltrud.boyer@outlook
1722,Julian,Noble,julian.noble@hill
4330,Christophe,Bohnbach,christophe.bohnbach@ifrance
5219,Ippazio,Angulo,ippazio.angulo@yahoo
4997,Grace,Kroker,grace.kroker@hotmail
2239,Jared,Ferguson,jared.ferguson@roberts
4587,Virginie,McLean,virginie.mclean@yahoo
4113,Mason,Potter,mason.potter@gmail
4762,Aaron,Anaya,aaron.anaya@hotmail
5242,Leah,Ornelas,leah.ornelas@gmail
5765,Harald,Roy,harald.roy@web
2185,Micaela,Martel,micaela.martel@hotmail
5500,Vincentio,Sanders,vincentio.sanders@voila
3494,Bettina,Norbiato,bettina.norbiato@allen
3924,Julio,Renner,julio.renner@industrias
3521,Jelena,Stiffel,jelena.stiffel@trupp
5262,Guadalupe,Munoz,guadalupe.munoz@murray
3684,Whitney,Noack,whitney.noack@laboratorios
5784,Gelsomina,Migliaccio,gelsomina.migliaccio@junk
1498,Evangelista,Pereira,evangelista.pereira@thompson
6073,Gareth,Comolli,gareth.comolli@tiscali
4939,Michelangelo,Hess,michelangelo.hess@bouygtel
